x	xend	y	yend
0.299465240641712	0.647058823529411	0.227101029538585	0.219772016685254
0.647058823529411	0.647058823529411	0.219772016685254	0.219772016685254
