x	xend	y	yend
0.299465240641712	0.647058823529411	0.271391408568705	0.228043363886106
0.647058823529411	0.647058823529411	0.228043363886106	0.228043363886106
