x	xend	y	yend
0.299465240641712	0.647058823529411	0.264843137435356	0.265228073592165
0.647058823529411	0.647058823529411	0.265228073592165	0.265228073592165
