x	xend	y	yend
0.299465240641712	0.647058823529411	0.226089485767456	0.168997893001805
0.647058823529411	0.647058823529411	0.168997893001805	0.168997893001805
